{"prepositions": {"in front of": [0.21745632554450728, 0.036850802849221848, 0.58391243919388469, 0.13579559607153241, 0.11920980609912671], "on": [0.36522576938204704, 0.11337927403110423, 0.13878253542099331, 0.38376963842971812], "under": [0.1101852312119551, 0.19069385554166018, 0.07369055025333604, 0, 0.57419463258302572, 0.4165556093101116, 0.079905425826056684, 0.27714158719749615, 0.50063648925185444, 0.2531480684066893, 0.19892128196043848, 0.23582476453413331], "below": [0.29325565944077581], "behind": [0.11739661255253303, 0.21354206882351426, 0.0025480657864257587, 0.20760050442087175, 0.004864489228630994], "above": [0.2100292925897157], "in": [0.30699215583468875, 0.17286128966875144, 0.34772093613322097]}, "objects": {"fence": [0.11920980609912671], "wall": [0.21745632554450728, 0.11739661255253303, 0.30699215583468875, 0.17286128966875144, 0.036850802849221848, 0.34772093613322097, 0.20760050442087175, 0.13579559607153241, 0.004864489228630994], "armchair": [0.13579559607153241], "mirror": [0.30699215583468875], "seats": [0.36522576938204704], "table": [0.21745632554450728], "airplane": [0.57419463258302572, 0.58391243919388469], "chair": [0.20760050442087175], "ground": [0.19069385554166018, 0.0025480657864257587, 0.11337927403110423], "floor": [0.36522576938204704, 0.079905425826056684, 0.2100292925897157, 0.13878253542099331, 0.38376963842971812], "desk": [0.38376963842971812], "sky": [0.1101852312119551, 0.19069385554166018, 0.07369055025333604, 0.57419463258302572, 0.4165556093101116, 0.079905425826056684, 0.27714158719749615, 0.50063648925185444, 0.2531480684066893, 0.19892128196043848, 0.23582476453413331], "bench": [0.036850802849221848, 0.13878253542099331], "window": [0.34772093613322097, 0, 0], "streetlight": [0.27714158719749615], "gate": [0.17286128966875144], "plant": [0.21354206882351426], "door": [0.004864489228630994], "water": [0.1101852312119551], "curtain": [0.2100292925897157], "path": [0.23582476453413331], "building": [0.11739661255253303, 0.29325565944077581, 0.11337927403110423, 0.58391243919388469, 0.50063648925185444], "car": [0.19892128196043848], "tree": [0.2531480684066893, 0.11920980609912671], "rock": [0.21354206882351426, 0.07369055025333604], "road": [0.0025480657864257587, 0.29325565944077581, 0.4165556093101116]}}