{"prepositions": {"in front of": [0.22109310250542125, 0, 0.073495772527217978, 0.1911141682688122, 0.086288600463843221], "on": [0.31916268138853254, 0, 0, 0.41961968884264883], "under": [0.097761566624378793, 0, 0.065314425365700299, 0, 0.17620325863950823, 0.32924342231074744, 0, 0.13140778672624376, 0.42090608668137441, 0.21087598513120731, 0.15060604633739882, 0.093661576644898076], "below": [0.23275265518944971], "behind": [0, 0, 0, 0.21577945184334318, 0], "above": [0.16354108369510698], "in": [0.33817700832713332, 0, 0.34885331305374045]}, "objects": {"fence": [0.086288600463843221], "wall": [0.22109310250542125, 0, 0.33817700832713332, 0, 0, 0.34885331305374045, 0.21577945184334318, 0.1911141682688122, 0], "armchair": [0.1911141682688122], "mirror": [0.33817700832713332], "seats": [0.31916268138853254], "table": [0.22109310250542125], "airplane": [0.17620325863950823, 0.073495772527217978], "chair": [0.21577945184334318], "ground": [0, 0, 0], "floor": [0.31916268138853254, 0, 0.16354108369510698, 0, 0.41961968884264883], "desk": [0.41961968884264883], "sky": [0.097761566624378793, 0, 0.065314425365700299, 0.17620325863950823, 0.32924342231074744, 0, 0.13140778672624376, 0.42090608668137441, 0.21087598513120731, 0.15060604633739882, 0.093661576644898076], "bench": [0, 0], "window": [0.34885331305374045, 0, 0], "streetlight": [0.13140778672624376], "gate": [0], "plant": [0], "door": [0], "water": [0.097761566624378793], "curtain": [0.16354108369510698], "path": [0.093661576644898076], "building": [0, 0.23275265518944971, 0, 0.073495772527217978, 0.42090608668137441], "car": [0.15060604633739882], "tree": [0.21087598513120731, 0.086288600463843221], "rock": [0, 0.065314425365700299], "road": [0, 0.23275265518944971, 0.32924342231074744]}}